<?xml version="1.0" encoding="UTF-8"?>
<GenRun Id="synth_1" LaunchPart="xc7vx485tffg1157-1" LaunchTime="1592173667">
  <File Type="PA-TCL" Name="ID_pipeline.tcl"/>
  <File Type="RDS-PROPCONSTRS" Name="ID_pipeline_drc_synth.rpt"/>
  <File Type="REPORTS-TCL" Name="ID_pipeline_reports.tcl"/>
  <File Type="RDS-RDS" Name="ID_pipeline.vds"/>
  <File Type="RDS-UTIL" Name="ID_pipeline_utilization_synth.rpt"/>
  <File Type="RDS-UTIL-PB" Name="ID_pipeline_utilization_synth.pb"/>
  <File Type="RDS-DCP" Name="ID_pipeline.dcp"/>
  <File Type="VDS-TIMINGSUMMARY" Name="ID_pipeline_timing_summary_synth.rpt"/>
  <File Type="VDS-TIMING-PB" Name="ID_pipeline_timing_summary_synth.pb"/>
  <FileSet Name="sources" Type="DesignSrcs" RelSrcDir="$PSRCDIR/sources_1">
    <Filter Type="Srcs"/>
    <File Path="$PPRDIR/../savebugfix/FinalProjectPerfectDebug/FinalProjectPerfectDebug.srcs/sources_1/new/alu.v">
      <FileInfo>
        <Attr Name="ImportPath" Val="C:/Users/jgrom/coen122final/coen122final.srcs/sources_1/new/alu.v"/>
        <Attr Name="ImportTime" Val="1591203327"/>
        <Attr Name="UsedIn" Val="synthesis"/>
        <Attr Name="UsedIn" Val="implementation"/>
        <Attr Name="UsedIn" Val="simulation"/>
      </FileInfo>
    </File>
    <File Path="$PPRDIR/../savebugfix/FinalProjectPerfectDebug/FinalProjectPerfectDebug.srcs/sources_1/new/controller.v">
      <FileInfo>
        <Attr Name="ImportPath" Val="C:/Users/jgrom/coen122final/coen122final.srcs/sources_1/new/controller.v"/>
        <Attr Name="ImportTime" Val="1591229442"/>
        <Attr Name="UsedIn" Val="synthesis"/>
        <Attr Name="UsedIn" Val="implementation"/>
        <Attr Name="UsedIn" Val="simulation"/>
      </FileInfo>
    </File>
    <File Path="$PPRDIR/../savebugfix/FinalProjectPerfectDebug/FinalProjectPerfectDebug.srcs/sources_1/new/regfile.v">
      <FileInfo>
        <Attr Name="ImportPath" Val="C:/Users/jgrom/coen122final/coen122final.srcs/sources_1/new/regfile.v"/>
        <Attr Name="ImportTime" Val="1591207346"/>
        <Attr Name="UsedIn" Val="synthesis"/>
        <Attr Name="UsedIn" Val="implementation"/>
        <Attr Name="UsedIn" Val="simulation"/>
      </FileInfo>
    </File>
    <File Path="$PPRDIR/../savebugfix/FinalProjectPerfectDebug/FinalProjectPerfectDebug.srcs/sources_1/new/signExtend.v">
      <FileInfo>
        <Attr Name="ImportPath" Val="C:/Users/jgrom/coen122final/coen122final.srcs/sources_1/new/signExtend.v"/>
        <Attr Name="ImportTime" Val="1591223709"/>
        <Attr Name="UsedIn" Val="synthesis"/>
        <Attr Name="UsedIn" Val="implementation"/>
        <Attr Name="UsedIn" Val="simulation"/>
      </FileInfo>
    </File>
    <File Path="$PPRDIR/../savebugfix/FinalProjectPerfectDebug/FinalProjectPerfectDebug.srcs/sources_1/new/ID_pipeline.v">
      <FileInfo>
        <Attr Name="ImportPath" Val="C:/Users/jgrom/project_4/project_4.srcs/sources_1/new/ID_pipeline.v"/>
        <Attr Name="ImportTime" Val="1591308984"/>
        <Attr Name="UsedIn" Val="synthesis"/>
        <Attr Name="UsedIn" Val="implementation"/>
        <Attr Name="UsedIn" Val="simulation"/>
      </FileInfo>
    </File>
    <File Path="$PPRDIR/../savebugfix/FinalProjectPerfectDebug/FinalProjectPerfectDebug.srcs/sources_1/new/instructmem.v">
      <FileInfo>
        <Attr Name="AutoDisabled" Val="1"/>
        <Attr Name="ImportPath" Val="C:/Users/jgrom/coen122final/coen122final.srcs/sources_1/new/instructmem.v"/>
        <Attr Name="ImportTime" Val="1591211074"/>
        <Attr Name="UsedIn" Val="synthesis"/>
        <Attr Name="UsedIn" Val="implementation"/>
        <Attr Name="UsedIn" Val="simulation"/>
      </FileInfo>
    </File>
    <File Path="$PPRDIR/../savebugfix/FinalProjectPerfectDebug/FinalProjectPerfectDebug.srcs/sources_1/new/mux4_1.v">
      <FileInfo>
        <Attr Name="AutoDisabled" Val="1"/>
        <Attr Name="ImportPath" Val="C:/Users/jgrom/mux_rev/mux_rev.srcs/sources_1/new/mux4_1.v"/>
        <Attr Name="ImportTime" Val="1591201485"/>
        <Attr Name="UsedIn" Val="synthesis"/>
        <Attr Name="UsedIn" Val="implementation"/>
        <Attr Name="UsedIn" Val="simulation"/>
      </FileInfo>
    </File>
    <File Path="$PPRDIR/../savebugfix/FinalProjectPerfectDebug/FinalProjectPerfectDebug.srcs/sources_1/new/pc.v">
      <FileInfo>
        <Attr Name="AutoDisabled" Val="1"/>
        <Attr Name="ImportPath" Val="C:/Users/jgrom/coen122final/coen122final.srcs/sources_1/new/pc.v"/>
        <Attr Name="ImportTime" Val="1591223044"/>
        <Attr Name="UsedIn" Val="synthesis"/>
        <Attr Name="UsedIn" Val="implementation"/>
        <Attr Name="UsedIn" Val="simulation"/>
      </FileInfo>
    </File>
    <File Path="$PPRDIR/../savebugfix/FinalProjectPerfectDebug/FinalProjectPerfectDebug.srcs/sources_1/new/IF_pipeline.v">
      <FileInfo>
        <Attr Name="AutoDisabled" Val="1"/>
        <Attr Name="ImportPath" Val="C:/Users/jgrom/coen122final/coen122final.srcs/sources_1/new/IF_pipeline.v"/>
        <Attr Name="ImportTime" Val="1591305757"/>
        <Attr Name="UsedIn" Val="synthesis"/>
        <Attr Name="UsedIn" Val="implementation"/>
        <Attr Name="UsedIn" Val="simulation"/>
      </FileInfo>
    </File>
    <File Path="$PPRDIR/../savebugfix/FinalProjectPerfectDebug/FinalProjectPerfectDebug.srcs/sources_1/new/datamem.v">
      <FileInfo>
        <Attr Name="AutoDisabled" Val="1"/>
        <Attr Name="ImportPath" Val="C:/Users/jgrom/coen122final/coen122final.srcs/sources_1/new/datamem.v"/>
        <Attr Name="ImportTime" Val="1591207453"/>
        <Attr Name="UsedIn" Val="synthesis"/>
        <Attr Name="UsedIn" Val="implementation"/>
        <Attr Name="UsedIn" Val="simulation"/>
      </FileInfo>
    </File>
    <File Path="$PPRDIR/../savebugfix/FinalProjectPerfectDebug/FinalProjectPerfectDebug.srcs/sources_1/new/IFID.v">
      <FileInfo>
        <Attr Name="AutoDisabled" Val="1"/>
        <Attr Name="ImportPath" Val="C:/Users/jgrom/coen122final/coen122final.srcs/sources_1/new/IFID.v"/>
        <Attr Name="ImportTime" Val="1591213999"/>
        <Attr Name="UsedIn" Val="synthesis"/>
        <Attr Name="UsedIn" Val="implementation"/>
        <Attr Name="UsedIn" Val="simulation"/>
      </FileInfo>
    </File>
    <File Path="$PPRDIR/../savebugfix/FinalProjectPerfectDebug/FinalProjectPerfectDebug.srcs/sources_1/new/IDEX.v">
      <FileInfo>
        <Attr Name="AutoDisabled" Val="1"/>
        <Attr Name="ImportPath" Val="C:/Users/jgrom/coen122final/coen122final.srcs/sources_1/new/IDEX.v"/>
        <Attr Name="ImportTime" Val="1591226541"/>
        <Attr Name="UsedIn" Val="synthesis"/>
        <Attr Name="UsedIn" Val="implementation"/>
        <Attr Name="UsedIn" Val="simulation"/>
      </FileInfo>
    </File>
    <File Path="$PPRDIR/../savebugfix/FinalProjectPerfectDebug/FinalProjectPerfectDebug.srcs/sources_1/new/EXWB.v">
      <FileInfo>
        <Attr Name="AutoDisabled" Val="1"/>
        <Attr Name="ImportPath" Val="C:/Users/jgrom/coen122final/coen122final.srcs/sources_1/new/EXWB.v"/>
        <Attr Name="ImportTime" Val="1591219352"/>
        <Attr Name="UsedIn" Val="synthesis"/>
        <Attr Name="UsedIn" Val="implementation"/>
        <Attr Name="UsedIn" Val="simulation"/>
      </FileInfo>
    </File>
    <File Path="$PPRDIR/../savebugfix/FinalProjectPerfectDebug/FinalProjectPerfectDebug.srcs/sources_1/new/OR.v">
      <FileInfo>
        <Attr Name="AutoDisabled" Val="1"/>
        <Attr Name="ImportPath" Val="C:/Users/jgrom/coen122final/coen122final.srcs/sources_1/new/OR.v"/>
        <Attr Name="ImportTime" Val="1591230066"/>
        <Attr Name="UsedIn" Val="synthesis"/>
        <Attr Name="UsedIn" Val="implementation"/>
        <Attr Name="UsedIn" Val="simulation"/>
      </FileInfo>
    </File>
    <File Path="$PPRDIR/../savebugfix/FinalProjectPerfectDebug/FinalProjectPerfectDebug.srcs/sources_1/new/AND.v">
      <FileInfo>
        <Attr Name="AutoDisabled" Val="1"/>
        <Attr Name="ImportPath" Val="C:/Users/jgrom/coen122final/coen122final.srcs/sources_1/new/AND.v"/>
        <Attr Name="ImportTime" Val="1591300769"/>
        <Attr Name="UsedIn" Val="synthesis"/>
        <Attr Name="UsedIn" Val="implementation"/>
        <Attr Name="UsedIn" Val="simulation"/>
      </FileInfo>
    </File>
    <File Path="$PPRDIR/../savebugfix/FinalProjectPerfectDebug/FinalProjectPerfectDebug.srcs/sources_1/new/EX_pipeline.v">
      <FileInfo>
        <Attr Name="AutoDisabled" Val="1"/>
        <Attr Name="ImportPath" Val="C:/Users/jgrom/project_5/project_5.srcs/sources_1/new/EX_pipeline.v"/>
        <Attr Name="ImportTime" Val="1591309764"/>
        <Attr Name="UsedIn" Val="synthesis"/>
        <Attr Name="UsedIn" Val="implementation"/>
        <Attr Name="UsedIn" Val="simulation"/>
      </FileInfo>
    </File>
    <File Path="$PPRDIR/../savebugfix/FinalProjectPerfectDebug/FinalProjectPerfectDebug.srcs/sources_1/new/WB_pipeline.v">
      <FileInfo>
        <Attr Name="AutoDisabled" Val="1"/>
        <Attr Name="ImportPath" Val="C:/Users/jgrom/project_7/project_7.srcs/sources_1/new/WB_pipeline.v"/>
        <Attr Name="ImportTime" Val="1591312182"/>
        <Attr Name="UsedIn" Val="synthesis"/>
        <Attr Name="UsedIn" Val="implementation"/>
        <Attr Name="UsedIn" Val="simulation"/>
      </FileInfo>
    </File>
    <File Path="$PPRDIR/../savebugfix/FinalProjectPerfectDebug/FinalProjectPerfectDebug.srcs/sources_1/new/CPU_pipeline.v">
      <FileInfo>
        <Attr Name="AutoDisabled" Val="1"/>
        <Attr Name="ImportPath" Val="C:/Users/jgrom/project_8/project_8.srcs/sources_1/new/CPU_pipeline.v"/>
        <Attr Name="ImportTime" Val="1591320242"/>
        <Attr Name="UsedIn" Val="synthesis"/>
        <Attr Name="UsedIn" Val="implementation"/>
        <Attr Name="UsedIn" Val="simulation"/>
      </FileInfo>
    </File>
    <File Path="$PPRDIR/../savebugfix/FinalProjectPerfectDebug/FinalProjectPerfectDebug.srcs/sources_1/new/Abuff.v">
      <FileInfo>
        <Attr Name="AutoDisabled" Val="1"/>
        <Attr Name="ImportPath" Val="$PPRDIR/../savebugfix/Checkpoint3/Checkpoint3.srcs/sources_1/new/Abuff.v"/>
        <Attr Name="ImportTime" Val="1591491136"/>
        <Attr Name="UsedIn" Val="synthesis"/>
        <Attr Name="UsedIn" Val="implementation"/>
        <Attr Name="UsedIn" Val="simulation"/>
      </FileInfo>
    </File>
    <File Path="$PPRDIR/../savebugfix/mostrecent_wontsimulate/mostrecent_wontsimulate.srcs/sources_1/new/PCBUFFER.v">
      <FileInfo>
        <Attr Name="AutoDisabled" Val="1"/>
        <Attr Name="UsedIn" Val="synthesis"/>
        <Attr Name="UsedIn" Val="implementation"/>
        <Attr Name="UsedIn" Val="simulation"/>
      </FileInfo>
    </File>
    <Config>
      <Option Name="DesignMode" Val="RTL"/>
      <Option Name="TopModule" Val="ID_pipeline"/>
    </Config>
  </FileSet>
  <FileSet Name="constrs_in" Type="Constrs" RelSrcDir="$PSRCDIR/constrs_1">
    <Filter Type="Constrs"/>
    <Config>
      <Option Name="ConstrsType" Val="XDC"/>
    </Config>
  </FileSet>
  <FileSet Name="utils" Type="Utils" RelSrcDir="$PSRCDIR/utils_1">
    <Filter Type="Utils"/>
    <Config>
      <Option Name="TopAutoSet" Val="TRUE"/>
    </Config>
  </FileSet>
  <Strategy Version="1" Minor="2">
    <StratHandle Name="Vivado Synthesis Defaults" Flow="Vivado Synthesis 2019"/>
    <Step Id="synth_design"/>
  </Strategy>
</GenRun>
